                  epoch,         train/box_loss,         train/cls_loss,         train/dfl_loss,   metrics/precision(B),      metrics/recall(B),       metrics/mAP50(B),    metrics/mAP50-95(B),           val/box_loss,           val/cls_loss,           val/dfl_loss,                 lr/pg0,                 lr/pg1,                 lr/pg2
                      1,                 3.4512,                 4.8506,                  3.959,                0.03044,                 0.0687,                0.01495,                0.00488,                 2.8416,                 4.9536,                 3.4161,             0.00047252,             0.00047252,             0.00047252
                      2,                 2.6616,                 3.6148,                  3.144,                0.25785,                0.41221,                  0.295,                0.10437,                 2.4136,                 5.4267,                 2.9282,             0.00076098,             0.00076098,             0.00076098
                      3,                 2.3229,                 2.9098,                 2.7117,                0.42355,                0.46565,                0.39421,                0.15211,                 2.0003,                 5.9752,                 2.6048,             0.00086081,             0.00086081,             0.00086081
                      4,                 2.1579,                 2.5697,                 2.5033,                0.75155,                0.51145,                 0.5989,                0.26872,                 1.9598,                 2.2627,                 2.4179,             0.00058017,             0.00058017,             0.00058017
                      5,                 1.9909,                 2.3642,                 2.3739,                0.78231,                0.54962,                0.65355,                0.27555,                 1.9215,                  2.103,                 2.4117,             0.00058017,             0.00058017,             0.00058017
